evals,average fitness,best fitness
40,80,120,160,200,240,280,320,360,400,440,480,520,560,600,640,680,720,760,800,840,880,920,960,1000,1040,1080,1120,1160,1200
-127.838157254,-112.685783085,-57.9741067556,-8.50890352317,28.5752147002,34.5318399153,24.9854491097,34.4234006857,-2.87416905431,34.8107389389,-13.0335929603,-14.1691770016,-2.73638436673,-8.90540786532,-4.79503840605,-3.97874209831,-32.6300660797,-13.9993830089,-20.5379074859,-20.4294705228,-19.0627951381,-1.5322754837,-31.244425975,-20.2112746071,-16.030540581,-11.701718661,-0.633233133273,-26.5121232511,-6.77589561621,-17.8745789359
34.4545316806,34.4545316806,34.4545316806,34.6362452626,34.8503980687,34.9194328126,34.9194328126,34.9194328126,34.9194328126,34.9319285418,34.9319285418,34.9319285418,34.9319285418,34.9319285418,34.9319285418,34.9319285418,34.9319285418,34.9319285418,34.9319285418,34.9319285418,34.9319285418,34.9319285418,34.9319285418,34.9319285418,34.9319285418,34.9319285418,34.9319285418,34.9319285418,34.9319285418,34.9319285418
